{
  "inputSizes": [
    10,
    100,
    1000
  ],
  "executionTimes": {
    "constant": [
      "0.0234",
      "0.0010",
      "0.0008"
    ],
    "linear": [
      "0.0494",
      "0.0071",
      "0.0262"
    ],
    "quadratic": [
      "0.0638",
      "0.8722",
      "5.2689"
    ],
    "cubic": [
      "0.0685",
      "0.5572",
      "1.5362"
    ],
    "exponential": [
      "0.0549",
      "0.0160",
      "0.0127"
    ],
    "squareRoot": [
      "0.0421",
      "0.0050",
      "0.0039"
    ],
    "multiplicative": [
      "0.0522",
      "0.0178",
      "0.1071"
    ],
    "logarithmic": [
      "0.0510",
      "0.0075",
      "0.0117"
    ]
  },
  "memoryUsage": {
    "constant": [
      0.003692626953125,
      0.0004119873046875,
      0.0004119873046875
    ],
    "linear": [
      0.00079345703125,
      0.00186920166015625,
      0.0004119873046875
    ],
    "quadratic": [
      0.00119781494140625,
      0.00347137451171875,
      0.013946533203125
    ],
    "cubic": [
      0.00099945068359375,
      0.0004119873046875,
      0.00173187255859375
    ],
    "exponential": [
      0.0088958740234375,
      0.0004119873046875,
      0.0004119873046875
    ],
    "squareRoot": [
      0.00092315673828125,
      0.00042724609375,
      0.00042724609375
    ],
    "multiplicative": [
      0.000946044921875,
      0.0004119873046875,
      0.0004119873046875
    ],
    "logarithmic": [
      0.00083160400390625,
      0.0006866455078125,
      0.000518798828125
    ]
  }
}